Parameter-Name	Count	Null-Count	min	25th	50th	75th	max
TOTUSJH	3000	0	3.4941854660187968	33.97913437702515	80.29098270272327	365.1932188124347	3162.777221084397
TOTBSQ	3000	0	19832678.306800004	255961496.569674	683705035.7189484	7441934709.763184	38482843820.785095
TOTPOT	3000	0	1.205180537049584e+20	1.853603860662407e+21	4.83957508037225e+21	3.844862398850132e+22	7.108346703009062e+23
